ID,TS1,TS2,TS3,TS4,AS1,AS2,AS3,AS4,AS5,AS6,AS7,SCO1,SCO2,ACO1,ACO2,ACO3,ACO4,LT1,LT2,LT3,LT4,CS1,CS2,CS3,CS4,CS5,CS6,CS7,WOR1,WOR2,WOR3,PAE1,PAE2,PAE3,NAE1,NAE2,NAE3,NAE4,LO1,LO2,LO3
1,3,3,3,3,3,3,3,3,3,3,3,3,3,3,3,3,3,5,3,1,3,4,4,4,4,4,4,4,3,3,2,3,5,5,3,3,3,5,3,3,3
2,3,3,3,3,3,3,3,3,3,3,3,3,3,3,3,3,3,4,4,4,4,3,3,3,3,3,3,3,4,4,4,4,4,4,4,4,4,4,3,3,3
3,4,4,4,4,3,3,2,3,3,3,4,4,4,4,4,3,4,3,4,3,1,3,3,3,3,3,3,3,3,1,2,3,3,3,2,1,3,3,3,3,3
4,3,3,3,3,3,3,3,3,3,3,3,3,3,3,3,3,3,4,4,4,4,4,3,3,3,3,3,3,3,3,3,4,4,4,4,4,4,4,3,3,3
5,4,3,3,3,2,2,1,1,2,2,1,2,3,3,3,3,3,5,3,5,2,3,2,2,2,3,3,3,2,2,2,2,3,2,3,3,3,2,2,4,3
6,4,4,4,4,4,4,4,4,4,4,4,4,4,4,4,4,4,3,3,3,3,3,3,3,3,3,3,3,3,3,3,3,3,3,3,3,3,3,4,4,4
7,3,3,5,2,1,1,1,2,2,2,2,1,3,3,3,5,5,5,2,5,1,4,4,2,1,4,3,1,1,1,1,5,5,1,5,3,5,1,5,3,4
8,1,1,1,1,2,2,2,2,2,2,2,1,1,1,1,1,1,1,1,1,1,1,1,1,1,1,1,1,1,1,1,1,1,1,5,5,5,4,1,1,1
9,4,4,4,4,3,3,3,3,3,3,3,3,3,4,3,4,3,5,3,4,3,3,3,4,4,4,3,3,3,3,5,4,4,4,1,3,2,1,3,4,3
10,3,4,4,4,2,2,2,2,2,2,2,3,2,2,2,2,2,2,2,5,1,3,3,2,2,3,3,3,2,2,2,2,4,4,2,2,2,2,4,4,2
11,4,4,4,4,3,4,3,3,3,3,3,1,2,3,3,3,3,5,3,4,1,3,3,3,3,4,3,3,2,5,2,2,2,2,4,4,4,3,2,4,2
12,2,3,3,3,2,2,2,1,3,3,2,2,2,2,2,2,2,2,2,1,1,2,2,2,2,3,2,2,2,3,3,3,3,2,4,3,4,3,2,3,2
13,3,3,3,3,3,3,2,1,3,3,3,2,2,2,2,2,2,4,2,4,1,2,2,3,3,3,3,3,2,2,2,2,2,2,3,3,3,3,2,3,2
14,3,3,3,3,3,3,3,3,3,3,3,3,3,3,3,3,3,4,4,4,4,3,3,3,3,3,3,3,4,4,4,4,4,4,4,4,4,4,3,3,3
15,3,3,5,3,1,2,1,1,1,3,3,3,3,3,3,3,3,4,3,4,1,3,3,2,2,4,4,3,2,3,5,2,3,3,3,2,3,2,3,3,3
16,2,3,2,4,3,3,2,2,2,2,3,2,2,2,2,2,2,1,2,2,1,2,3,3,3,3,3,2,3,5,4,1,2,1,5,3,3,2,2,2,1
17,4,2,3,4,3,3,2,2,2,2,2,4,4,4,2,3,2,5,3,5,1,4,3,3,3,4,4,4,3,3,4,3,2,1,1,3,3,3,3,4,3
18,4,2,2,4,4,3,3,3,4,3,3,2,2,4,4,4,4,2,5,3,5,4,4,4,4,4,4,4,1,1,1,3,4,5,3,3,4,3,4,4,4
19,3,2,5,4,1,3,3,1,3,2,3,2,3,3,1,2,3,1,5,5,1,4,3,4,3,4,4,4,4,5,2,3,5,1,3,3,3,1,2,4,2
20,4,3,2,4,2,3,3,2,3,2,2,3,3,3,4,3,3,5,5,5,5,4,3,3,3,3,2,2,4,3,4,3,4,3,3,3,3,1,3,3,2
21,4,5,5,4,2,2,2,1,4,3,3,3,3,3,3,3,3,4,4,4,2,4,4,4,4,4,4,4,2,2,3,2,2,3,3,3,3,3,3,3,3
22,3,3,3,3,3,3,3,3,3,3,3,1,3,2,1,2,2,5,5,5,5,4,4,3,3,3,3,3,2,2,2,3,3,3,3,3,3,3,3,3,3
23,3,3,3,3,3,3,3,3,3,3,3,3,3,3,3,3,3,4,4,1,1,3,3,3,3,3,3,3,2,2,2,4,5,5,2,2,2,2,3,4,3
24,2,4,3,3,2,3,3,2,5,2,3,3,4,3,4,4,4,4,3,5,3,5,4,4,3,5,3,3,3,3,3,3,5,2,2,2,3,2,2,3,2
25,3,4,4,4,3,3,2,2,3,4,3,2,2,2,2,3,3,4,4,1,2,4,4,4,4,4,4,4,3,2,4,3,3,3,4,4,3,1,2,3,2
26,4,4,4,3,4,4,4,4,4,4,3,2,3,1,3,4,4,4,3,3,2,4,4,2,2,3,3,4,3,3,4,3,3,4,4,4,3,3,3,4,3
27,4,4,4,4,2,2,2,4,2,3,4,2,2,2,2,2,2,4,3,4,1,4,3,3,3,4,4,4,3,2,3,2,4,3,3,4,4,3,4,4,2
28,3,3,3,3,3,3,3,3,3,3,3,3,3,3,3,3,3,5,5,3,4,3,3,3,3,3,3,3,2,2,2,3,3,2,3,3,3,2,3,3,2
29,3,3,3,4,2,2,2,3,3,2,2,3,3,3,2,3,2,3,3,5,1,3,3,2,3,3,3,4,5,2,2,3,3,3,3,2,1,2,2,3,2
30,4,2,4,2,2,2,2,2,3,2,2,4,2,4,4,4,4,4,3,5,2,4,4,2,2,4,4,3,5,1,5,4,4,4,3,3,3,3,2,4,3
31,4,4,4,4,4,4,3,4,4,4,3,3,3,3,3,4,4,5,5,3,1,4,5,2,2,2,4,4,5,2,2,4,4,4,2,2,3,1,2,4,2
32,3,4,4,4,2,3,3,3,3,3,3,3,3,3,3,3,3,4,3,4,1,3,3,2,2,2,2,3,4,4,5,2,2,3,4,4,4,3,2,2,3
33,4,4,4,4,4,4,4,3,4,4,4,4,4,4,4,4,4,5,4,1,4,4,4,3,4,4,3,3,2,3,3,3,3,3,4,3,3,1,3,3,3
34,4,5,3,3,2,3,2,4,2,2,4,3,3,5,4,4,3,5,1,5,1,5,4,5,3,4,4,4,2,1,3,3,3,4,3,4,4,3,2,3,3
35,3,3,3,3,3,3,3,3,3,3,3,2,2,2,2,2,2,2,2,3,1,2,2,2,2,2,4,4,2,2,2,1,3,3,3,3,5,3,2,2,2
36,2,4,4,4,2,2,2,2,4,2,2,4,4,4,4,4,4,4,4,4,2,4,4,4,4,4,2,2,5,2,5,2,3,4,4,2,1,1,2,4,2
37,3,3,3,3,3,3,3,4,3,3,3,1,2,3,3,3,3,1,1,3,1,2,2,2,2,4,2,2,2,2,3,2,3,1,3,3,2,3,4,3,3
38,1,3,3,3,3,3,3,3,3,3,3,2,2,3,3,3,3,4,3,4,1,4,3,3,3,4,3,3,4,2,2,4,3,3,4,5,4,3,3,3,3
39,4,4,5,4,3,4,4,4,4,4,4,1,3,2,2,2,1,4,3,4,2,4,4,4,2,4,4,4,5,1,3,3,2,3,1,1,3,2,2,4,3
40,3,4,4,2,2,3,4,4,4,5,3,5,3,5,3,5,4,5,5,5,2,3,4,1,1,4,5,4,5,1,4,4,5,3,5,4,5,3,1,3,4
41,2,3,3,3,3,2,2,2,3,3,2,2,2,2,2,2,2,5,5,5,3,5,5,3,3,5,5,5,5,2,2,1,1,1,3,3,3,3,2,3,2
42,4,4,3,4,1,3,2,2,4,4,4,2,2,2,2,4,1,2,4,4,1,2,3,3,3,3,3,3,3,3,3,2,2,2,4,2,4,2,2,2,2
43,4,4,4,4,4,4,4,4,4,4,4,4,5,5,5,3,4,5,5,4,3,5,5,3,5,4,4,4,4,4,4,4,3,2,3,3,4,1,2,4,3
44,4,4,4,4,1,3,3,4,3,3,3,1,3,1,3,3,3,5,5,2,1,5,5,1,1,5,5,5,5,5,5,2,5,1,1,3,3,1,2,3,2
45,5,5,4,5,3,3,3,4,5,3,3,4,4,4,5,3,3,2,3,1,1,5,4,5,5,5,3,3,5,5,5,1,5,2,3,4,3,4,5,4,4
46,5,5,5,5,2,3,3,4,4,3,4,2,2,2,2,4,4,5,3,5,1,5,5,3,3,5,5,4,2,3,3,5,5,5,2,2,2,2,2,3,4
47,4,4,4,4,2,2,2,2,2,2,2,2,2,2,2,2,2,1,3,2,1,3,3,3,3,3,3,3,3,3,3,3,3,3,3,3,3,3,4,4,2
48,3,3,3,3,3,3,3,3,3,3,3,2,2,2,2,2,2,4,4,5,1,3,3,3,2,3,3,3,5,5,5,4,5,1,4,4,4,4,2,2,2
49,4,4,4,4,1,2,2,3,3,2,2,2,2,3,3,3,3,2,2,5,3,3,3,2,3,3,3,2,3,4,4,2,5,5,3,4,2,2,2,3,2
50,4,4,4,4,2,3,2,2,4,4,3,3,2,4,4,2,3,4,2,5,1,4,4,4,4,4,4,4,3,4,4,3,3,3,4,4,4,3,2,2,2
51,4,4,4,4,2,3,3,3,2,3,3,3,3,3,3,3,3,1,5,2,2,1,3,3,3,3,1,3,2,2,2,5,5,3,3,3,3,3,2,2,2
52,3,4,4,4,4,3,3,3,4,3,3,3,4,3,3,2,2,5,5,5,1,4,3,2,4,4,4,4,3,2,2,1,3,1,3,2,2,1,2,2,4
53,4,4,3,5,2,3,2,3,4,3,3,3,2,3,3,4,4,4,3,4,1,3,3,3,2,4,4,3,3,5,3,3,5,3,4,4,4,4,4,3,3
54,3,4,3,3,3,3,3,2,3,3,3,3,4,3,3,3,3,1,3,5,1,3,3,3,3,3,3,3,4,4,4,3,3,4,3,1,3,3,3,4,4
55,3,3,3,3,3,2,2,2,3,3,3,3,3,3,3,3,3,3,3,3,1,3,3,3,3,3,3,3,2,2,2,3,3,3,3,3,3,3,3,4,3
56,3,3,3,3,1,3,2,2,3,3,3,3,3,3,3,3,3,1,3,3,1,4,4,3,3,4,4,3,2,3,3,1,3,3,3,3,2,1,3,4,3
57,3,3,4,3,2,3,2,3,3,3,3,3,3,3,3,3,4,2,3,5,2,3,3,3,3,4,3,3,2,1,2,4,4,3,3,3,3,3,3,4,3
58,4,4,3,4,2,1,1,4,2,3,3,2,2,2,2,2,2,3,2,3,3,4,4,4,4,3,4,4,2,1,4,1,2,2,5,4,3,1,2,2,5
59,3,3,4,5,4,4,2,4,4,4,4,3,4,4,3,5,4,4,4,5,4,4,3,3,2,5,4,4,4,3,3,1,5,2,3,3,4,2,4,3,2
60,3,3,3,3,3,3,3,3,3,3,3,1,3,1,3,3,3,3,3,5,3,3,4,3,3,4,4,3,3,3,3,3,3,5,3,3,3,3,3,3,3
61,5,5,4,4,2,2,2,5,4,2,2,2,2,2,2,2,2,4,3,5,4,2,2,2,4,4,4,4,4,5,5,2,1,3,5,5,4,5,2,4,2
62,4,4,4,4,4,4,2,2,4,2,4,2,2,2,5,4,5,5,3,5,5,4,4,4,3,4,4,4,5,5,5,4,5,3,4,4,4,4,2,4,4
63,3,3,3,3,3,3,3,3,3,3,3,3,3,3,3,3,3,3,2,2,1,3,3,3,3,3,3,3,4,3,4,3,3,3,5,2,3,3,3,3,3
64,3,5,4,4,4,2,1,1,2,2,2,3,3,4,3,3,4,3,3,3,1,4,3,3,3,3,3,3,2,1,2,3,5,3,3,3,3,3,2,2,1
65,3,4,4,4,3,3,3,3,3,3,3,3,3,3,3,3,3,3,2,4,2,3,3,3,3,4,4,3,3,1,1,3,3,3,3,3,3,3,3,3,3
66,4,3,3,3,1,3,2,2,3,3,3,3,3,3,3,3,3,1,2,3,1,4,4,3,3,4,4,3,2,3,3,1,2,3,3,2,2,1,3,4,3
67,3,3,3,3,3,3,3,2,3,3,3,3,3,3,4,5,4,1,3,3,2,3,2,2,3,3,3,3,2,1,3,3,3,3,3,1,3,3,3,4,3
68,3,3,3,3,3,3,3,3,3,3,3,3,3,3,3,3,3,3,5,3,1,1,1,3,3,1,1,1,2,2,2,4,3,3,3,3,3,3,3,3,3
69,3,3,4,3,2,3,3,3,3,3,3,3,3,4,3,3,4,5,5,5,5,4,4,4,3,4,3,3,3,3,3,3,4,3,2,2,2,3,2,3,2
70,2,2,3,4,2,2,1,2,4,3,2,3,3,4,3,3,3,1,3,3,1,4,4,3,2,4,4,4,3,3,3,3,5,3,3,3,3,1,2,4,3
71,3,3,3,4,4,3,3,2,2,2,3,3,3,4,4,3,3,1,3,4,1,3,3,3,3,4,3,3,4,4,2,2,2,2,3,2,2,2,3,4,3
72,3,4,4,3,2,3,3,3,3,3,3,3,2,3,3,3,3,5,3,3,1,3,3,3,3,4,4,3,5,5,5,3,3,3,3,3,3,3,2,2,3
73,1,2,2,1,2,1,1,1,1,1,1,1,4,1,2,1,1,1,1,1,1,1,1,1,1,1,1,1,1,1,1,1,1,1,1,1,1,1,1,1,1
74,1,2,2,1,2,3,2,1,2,1,2,2,1,1,2,2,3,1,2,2,1,3,3,2,1,1,2,1,2,2,4,1,2,3,3,2,5,2,1,1,1
75,3,3,3,3,2,3,2,1,3,3,3,2,1,2,1,3,3,4,5,5,1,4,4,3,4,4,4,4,1,2,3,3,3,3,5,5,3,3,1,3,2
76,4,2,4,3,3,3,3,4,3,3,3,3,3,4,4,4,3,5,5,5,1,3,3,2,2,2,3,3,4,3,3,1,1,5,4,4,3,5,2,3,3
77,3,3,3,4,4,4,4,4,4,4,4,4,4,3,3,4,4,5,2,5,1,4,4,3,3,4,4,3,3,2,3,3,5,3,3,3,4,3,4,3,2
78,3,2,3,4,3,2,3,4,4,2,3,3,3,4,4,2,3,4,3,5,3,3,3,3,4,3,3,4,5,2,2,3,3,3,2,2,3,2,2,3,3
79,3,4,3,3,3,3,1,3,3,2,3,4,3,2,2,2,3,3,5,1,1,4,5,2,3,4,4,4,3,3,3,3,5,3,4,3,3,3,2,2,3
80,4,4,4,4,3,3,3,2,3,3,2,3,3,2,2,2,2,4,4,2,2,2,2,2,3,3,3,3,3,5,3,2,3,2,5,3,4,4,4,3,2
81,4,4,4,4,4,3,4,4,4,4,4,2,4,4,4,4,4,1,4,5,3,2,2,2,4,4,4,4,5,2,5,3,2,2,1,3,3,2,2,4,3
82,3,5,4,5,2,2,2,1,4,3,2,2,1,1,2,2,2,2,2,4,4,4,3,4,3,4,4,3,4,2,4,3,2,3,4,4,4,1,2,3,3
83,3,3,3,4,3,3,2,3,3,4,2,3,2,4,3,4,3,1,1,4,1,3,3,3,3,3,3,3,4,1,4,4,3,3,5,4,3,4,4,3,3
84,3,3,3,3,2,2,4,4,5,2,5,2,2,2,5,4,2,2,2,2,3,2,3,3,3,3,3,3,2,4,3,1,2,2,2,2,3,2,2,2,2
85,3,3,2,4,4,4,4,3,3,3,3,1,1,3,4,5,4,1,3,4,3,3,3,3,3,4,4,4,2,4,3,1,3,1,3,2,2,2,1,3,3
86,2,4,2,2,1,1,2,4,3,3,4,1,2,2,4,2,4,4,3,3,2,4,4,1,1,4,4,3,3,1,3,5,2,2,2,2,2,1,2,2,2
87,3,3,3,3,3,3,3,3,4,4,4,3,4,4,4,4,3,4,3,5,1,4,3,2,2,4,4,4,4,4,4,3,3,3,5,4,4,3,3,3,3
88,4,4,4,4,2,3,2,2,2,2,2,2,1,2,2,2,4,1,4,5,2,2,2,2,4,4,4,4,5,1,2,3,3,1,3,2,3,2,2,4,4
89,4,3,4,3,1,2,1,3,2,4,3,2,2,4,4,3,4,1,2,4,1,3,2,2,2,5,3,2,2,1,4,2,2,3,4,4,4,4,1,2,1
90,3,3,3,3,2,2,2,2,2,2,2,2,2,2,2,3,3,5,4,3,2,4,3,3,4,4,3,3,2,2,2,4,4,3,3,3,4,3,4,4,4
91,3,2,3,4,3,3,3,3,4,3,3,1,1,1,1,1,1,4,4,5,1,3,3,2,2,3,3,3,2,2,2,1,5,1,4,3,4,3,2,3,3
92,3,3,3,3,4,5,5,4,5,5,5,3,3,3,3,3,3,1,1,5,1,4,3,3,3,3,3,3,3,3,3,2,2,2,2,2,3,2,1,4,4
93,4,5,4,4,3,3,3,3,3,3,3,4,4,3,3,3,3,2,3,4,2,3,3,3,4,4,4,4,2,2,2,3,4,3,3,1,3,2,3,3,3
94,5,4,4,4,3,3,3,4,4,4,3,3,3,3,3,4,4,4,4,4,4,3,3,3,3,4,4,4,4,2,4,3,4,4,3,2,3,2,3,4,4
95,3,3,3,3,3,3,3,3,3,3,3,1,3,3,3,3,3,3,3,1,1,2,3,3,3,3,3,3,1,1,1,1,1,1,1,1,1,1,3,3,2
96,3,4,4,3,3,3,3,3,3,3,3,3,3,2,3,3,3,5,3,5,1,5,4,3,4,3,3,3,5,3,5,5,4,3,3,3,3,2,3,3,3
97,4,4,4,4,4,4,4,3,3,3,2,3,3,4,4,4,4,5,5,4,4,5,4,2,3,4,5,4,4,4,4,1,4,1,3,4,3,4,2,2,2
98,3,3,2,3,3,3,3,4,3,3,3,2,3,1,2,1,2,3,4,5,3,4,4,3,3,3,3,3,1,1,1,5,5,5,3,3,3,5,3,3,3
99,4,4,5,4,2,2,5,4,4,2,3,2,2,3,5,1,4,1,3,3,4,5,5,5,4,5,5,4,5,4,2,2,3,2,4,4,4,4,2,3,2
100,3,3,5,3,1,4,4,4,4,4,3,4,2,4,5,4,5,5,5,5,3,4,4,1,1,4,3,3,2,2,3,1,1,5,5,5,5,3,3,5,4
101,4,4,4,4,2,2,2,3,3,3,3,2,2,2,2,2,2,3,3,3,1,3,3,3,3,3,3,3,2,2,2,3,3,2,4,3,3,3,4,3,3
102,3,3,3,4,2,2,2,3,3,3,3,2,2,3,2,3,3,3,3,3,1,3,3,3,3,3,3,3,2,5,2,3,3,2,4,3,3,3,3,3,3
103,3,3,3,3,2,2,2,2,3,3,2,1,3,2,2,2,2,2,2,2,1,3,3,2,3,3,2,2,3,4,3,3,3,2,3,3,3,1,3,3,3
104,4,4,4,4,3,3,3,3,2,4,3,2,2,2,2,2,2,5,5,5,5,3,4,4,4,4,4,4,4,2,1,1,1,1,4,4,3,1,2,3,3
105,3,2,3,4,4,4,3,3,2,3,3,2,4,2,3,2,3,5,3,5,4,3,3,2,4,4,3,4,4,4,3,2,4,2,3,3,3,3,2,2,3
106,2,2,3,3,2,2,2,2,2,2,2,3,4,3,2,4,2,3,3,4,2,4,3,2,4,4,3,3,4,3,4,3,3,3,4,4,4,3,2,3,2
107,4,3,3,3,3,3,3,3,4,3,3,3,3,3,3,3,3,5,5,5,4,4,4,3,4,4,4,3,2,2,2,3,3,4,3,3,3,3,3,3,4
108,4,4,4,4,4,4,4,4,4,4,3,3,2,4,3,2,3,5,4,4,4,4,3,3,4,4,4,4,2,2,2,4,4,3,3,3,4,3,2,3,4
109,4,4,4,4,5,4,4,4,5,4,5,5,5,5,4,5,5,5,5,3,3,4,4,4,5,4,4,4,5,4,4,1,5,1,1,5,5,1,4,4,4
110,4,4,4,4,4,4,2,3,4,4,3,4,3,4,3,3,3,3,4,3,3,4,4,4,4,4,4,3,3,3,2,3,3,3,1,1,1,1,2,4,3
111,4,3,3,4,3,3,3,3,3,3,3,3,3,3,3,3,3,2,2,2,2,3,3,3,4,4,3,3,3,3,3,1,1,1,1,3,3,3,3,3,3
112,4,4,4,4,4,4,4,4,4,4,4,4,4,4,4,4,4,4,4,5,3,4,4,4,4,4,4,3,2,4,4,3,5,3,1,2,1,1,4,4,4
113,3,4,4,4,3,3,3,3,4,3,3,4,4,3,4,3,4,5,3,5,1,4,3,3,4,4,4,3,2,2,2,3,5,3,3,1,1,3,4,4,3
114,3,3,3,4,3,3,3,3,3,3,3,3,2,3,3,3,3,3,3,3,3,4,3,2,3,3,3,3,2,3,4,2,4,3,2,3,3,1,4,4,3
115,3,2,3,4,2,4,3,3,2,4,2,3,1,3,3,2,3,3,3,3,3,3,3,4,3,3,3,3,3,2,3,3,3,4,3,4,2,3,2,3,2
116,4,4,4,4,3,3,3,3,4,4,3,3,3,4,3,3,4,4,4,4,3,4,4,4,4,4,4,4,4,5,5,3,3,3,3,4,3,3,2,3,4
117,3,2,3,3,3,3,3,3,3,3,4,3,3,3,3,3,3,4,4,4,2,4,4,3,3,4,4,3,3,3,3,4,3,3,2,2,2,1,1,2,1
118,3,3,3,3,3,3,3,3,3,3,3,3,3,3,3,3,3,3,3,3,3,3,3,3,3,3,3,3,3,3,3,3,3,3,3,3,3,3,3,3,3
119,4,4,4,4,3,3,3,4,4,3,3,2,4,2,2,2,2,5,4,4,4,3,4,3,3,3,3,3,2,1,1,3,4,3,2,1,2,3,3,4,4
120,4,3,4,3,3,3,3,3,3,4,3,4,4,2,3,3,4,3,3,4,4,4,3,3,3,3,3,3,3,3,3,3,3,4,4,3,4,3,4,3,3
121,3,2,4,3,2,3,3,3,3,3,3,3,3,3,3,3,3,5,4,4,2,3,3,3,3,3,3,3,4,4,3,3,4,5,3,2,3,3,2,2,2
122,3,3,3,4,4,4,1,2,3,2,4,4,3,4,4,4,4,3,2,5,1,4,3,4,3,4,3,4,4,5,3,3,3,3,2,3,3,3,3,3,3
123,4,3,3,5,3,3,1,1,1,1,1,1,3,1,4,3,3,5,5,5,5,5,5,5,5,5,5,5,5,5,5,1,5,1,5,5,5,1,1,4,4
124,3,4,4,2,1,3,3,3,3,3,3,3,3,2,2,2,3,5,3,2,5,3,3,1,4,3,2,2,3,3,4,3,3,3,3,2,1,2,2,2,2
125,5,5,5,5,5,5,5,5,5,5,5,5,5,5,5,5,5,5,4,5,5,4,4,4,4,4,4,4,4,3,4,4,4,4,4,4,4,4,4,5,3
126,3,3,3,3,3,3,2,2,2,3,3,4,3,2,3,3,3,2,3,4,3,3,3,3,4,3,3,3,3,3,3,2,3,3,4,4,4,4,4,3,4
127,3,3,3,3,3,3,3,3,3,3,3,3,3,3,3,3,3,5,5,5,5,3,3,3,3,3,3,3,2,2,2,3,3,3,4,3,2,3,3,3,3
128,4,3,3,3,3,3,3,3,3,2,2,2,2,4,4,4,4,5,5,4,4,5,4,4,4,5,4,4,5,1,3,3,3,2,5,5,5,5,2,3,1
129,4,3,3,3,4,5,2,2,2,3,2,2,3,4,3,3,4,4,5,3,3,2,3,3,4,1,2,3,4,2,2,4,4,4,3,2,3,4,3,4,3
130,4,3,3,4,4,3,1,2,3,3,3,3,4,3,2,4,3,3,2,2,1,4,4,3,3,3,2,2,2,3,5,3,5,3,3,3,5,3,2,3,3
131,3,3,3,3,3,3,3,3,3,3,3,3,3,3,3,3,3,4,3,3,2,3,3,3,3,3,3,3,4,3,5,3,4,4,2,3,3,3,3,3,3
132,3,3,3,3,2,3,2,2,1,3,1,3,3,3,3,2,3,1,3,5,5,2,3,2,3,2,2,3,3,3,5,3,1,3,4,1,1,3,3,2,2
133,3,3,3,3,3,3,3,3,3,3,3,3,3,3,3,3,3,5,3,1,1,3,3,2,2,3,2,3,1,1,1,3,3,3,3,4,3,2,4,3,2
134,4,4,3,4,4,4,4,4,4,4,4,3,4,4,4,3,3,5,4,5,5,4,4,4,4,4,3,3,4,3,5,4,4,4,3,2,2,1,4,4,3
135,4,4,3,4,4,4,2,1,5,3,3,4,4,3,2,2,5,5,5,4,5,5,5,5,5,5,5,4,3,4,4,3,3,2,2,3,2,2,3,4,2
136,3,1,2,3,2,1,2,3,2,3,3,3,2,3,3,3,3,3,3,3,3,5,4,4,3,4,3,3,3,4,4,3,3,3,4,3,3,5,1,2,2
137,3,3,3,2,2,2,2,2,3,2,2,2,2,2,3,3,3,2,2,1,2,4,4,5,4,3,3,3,3,3,3,3,2,3,2,2,3,3,3,3,3
138,4,4,4,4,4,4,4,4,4,4,4,4,4,4,4,4,4,4,2,4,2,4,4,4,4,4,4,4,2,2,2,2,3,2,3,1,5,1,4,4,4
139,4,3,3,4,4,3,2,2,4,3,3,4,4,3,3,3,3,5,5,4,2,4,3,4,4,3,3,3,4,3,4,4,3,3,5,4,2,2,4,4,3
140,4,3,3,4,5,3,3,3,4,3,3,4,3,4,4,3,4,5,5,5,4,5,4,3,4,5,4,4,1,4,3,4,4,4,3,3,3,2,3,3,2
141,4,3,4,4,4,3,2,3,4,3,4,3,3,4,4,4,3,5,4,4,4,4,4,4,4,4,4,4,4,4,4,3,2,3,3,2,4,2,4,4,2
142,4,4,4,4,4,4,4,4,4,4,4,4,4,4,4,4,4,5,3,3,2,4,4,3,5,5,3,3,3,2,4,5,5,3,1,3,2,1,3,4,4
143,3,3,3,3,3,3,3,3,3,3,3,3,3,3,3,3,3,5,3,4,1,3,3,3,3,3,3,3,2,3,2,4,4,4,4,4,4,4,3,3,3
144,3,3,4,3,3,3,3,3,3,3,3,3,3,5,4,5,5,5,3,3,1,5,4,5,3,5,4,4,3,3,3,3,3,3,3,3,3,3,3,3,3
145,4,4,4,4,4,4,4,4,4,4,4,3,3,5,4,5,5,5,5,5,4,4,4,4,4,4,4,4,4,4,4,4,4,3,4,5,4,4,4,4,4
146,3,4,3,3,3,3,3,3,4,3,3,3,3,3,3,3,3,5,3,5,2,3,3,3,4,3,3,3,2,1,5,3,5,3,3,3,3,1,2,3,2
147,3,3,3,3,3,3,3,3,3,3,3,3,3,3,3,3,3,3,3,3,3,3,3,3,3,3,3,3,3,3,3,3,3,3,3,3,3,3,3,3,3
148,3,2,3,4,5,3,5,3,5,3,3,3,4,4,3,3,3,5,5,5,5,4,4,3,2,4,4,4,2,4,2,5,5,5,3,1,1,1,2,4,3
149,3,3,3,3,3,3,3,3,3,3,3,3,3,4,4,3,4,5,5,5,5,5,5,4,5,5,4,4,3,5,5,3,5,3,3,3,1,1,4,5,4
150,3,3,3,3,3,3,3,3,3,3,3,3,3,3,3,3,3,3,3,5,3,3,3,3,3,3,3,3,1,1,1,5,5,1,1,1,1,1,3,3,3
151,4,3,3,4,3,3,2,3,3,3,3,4,4,4,4,4,4,4,4,4,4,4,3,3,4,4,4,3,2,1,2,3,3,3,4,3,4,3,3,4,3
152,2,2,4,4,3,3,3,3,3,3,3,3,3,3,3,4,4,5,4,5,5,4,3,2,3,3,3,3,3,5,3,2,3,1,4,4,4,3,4,3,3
153,3,3,4,3,5,3,1,3,2,1,1,4,3,4,2,3,2,5,5,5,5,5,5,3,4,5,4,3,5,5,5,4,4,3,3,2,4,4,2,5,3
154,4,3,3,2,3,3,3,3,3,3,3,3,4,3,4,5,3,5,5,5,3,4,4,3,3,4,4,4,5,2,5,4,4,3,5,5,3,5,3,3,2
155,3,3,3,3,3,3,3,3,3,3,3,1,1,1,1,1,1,3,3,3,3,3,3,3,3,3,3,3,2,2,2,3,3,3,3,3,3,3,3,3,3
156,3,4,4,4,4,4,3,4,4,4,4,3,3,3,3,4,3,5,5,5,5,5,5,3,4,5,5,4,3,2,1,3,3,2,4,3,3,2,3,4,2
157,3,3,3,3,3,3,3,3,3,3,3,2,3,3,3,3,3,4,3,1,1,3,4,4,3,3,3,3,1,1,1,1,1,1,1,1,1,1,3,3,3
158,3,3,3,3,3,3,3,3,3,3,3,3,3,2,3,3,3,5,5,5,2,4,3,3,4,4,4,3,2,3,4,5,5,4,3,2,1,1,3,4,4
159,3,4,4,4,5,4,3,5,5,5,5,4,4,3,3,4,3,3,3,3,2,4,4,3,3,4,3,3,3,3,5,3,2,1,3,2,2,2,3,4,2
160,3,4,4,4,4,3,3,3,4,3,3,3,3,4,4,4,4,4,5,2,4,4,4,3,3,4,4,4,4,2,4,3,5,3,4,5,4,3,3,4,3
161,4,3,4,4,4,3,3,3,4,4,4,2,4,3,5,4,4,5,3,3,2,4,4,4,3,4,3,3,3,2,3,2,3,3,2,3,3,2,4,4,3
162,3,5,5,3,4,3,3,4,4,4,4,3,2,1,1,3,3,5,5,5,3,5,5,5,5,5,5,5,4,3,4,4,4,5,3,3,3,2,3,2,2
163,4,4,3,3,3,3,2,2,2,3,3,3,4,2,2,2,2,3,3,3,3,5,5,4,5,4,4,4,5,5,5,3,3,3,3,4,3,3,2,3,3
164,4,3,4,5,3,3,3,2,3,3,3,2,4,2,2,3,3,5,5,5,5,5,3,3,5,5,5,5,2,1,3,2,5,3,5,5,4,5,2,1,1
165,4,4,4,4,4,4,4,3,4,4,4,3,3,3,3,3,3,4,3,5,3,4,4,4,4,4,4,4,4,4,4,3,3,5,3,1,3,3,4,4,4
166,4,4,3,4,3,3,3,3,3,3,3,3,3,3,3,4,4,5,5,4,5,5,3,3,4,4,3,3,3,3,3,4,4,3,3,3,5,3,3,4,3
167,3,3,3,4,3,2,2,4,4,3,3,3,3,5,5,4,3,5,3,2,3,2,4,3,4,3,3,3,5,4,4,2,5,3,5,3,5,5,3,4,3
168,3,2,3,5,3,3,3,3,3,3,3,3,3,2,2,3,3,3,3,3,3,3,3,5,3,3,3,3,2,2,5,3,3,3,3,3,3,3,5,3,5
169,4,4,5,4,3,3,3,3,3,3,3,2,2,1,2,1,1,5,1,5,1,4,3,3,4,4,3,3,2,2,2,3,3,3,4,4,3,3,4,3,3
170,3,3,4,3,3,4,4,3,4,4,3,3,3,4,3,5,3,5,3,5,3,4,3,4,4,3,3,3,3,3,3,3,2,4,4,3,3,3,3,4,4
171,3,3,3,3,3,3,3,3,3,3,3,3,3,3,3,3,3,3,3,3,3,3,3,3,3,3,3,3,3,3,3,3,3,3,3,3,3,3,3,3,3
172,4,3,4,4,3,3,3,3,4,2,3,2,2,2,2,2,2,5,5,5,5,4,4,4,4,4,4,4,5,5,5,5,5,5,5,5,5,5,2,2,1
173,3,3,3,3,2,2,2,2,2,2,1,2,2,2,2,2,2,3,2,5,3,3,3,2,3,3,3,3,3,3,3,3,3,5,5,4,4,3,2,2,2
174,3,2,5,4,2,2,1,3,5,3,2,5,4,3,3,2,2,5,4,5,5,3,3,2,1,4,4,3,3,2,3,3,3,1,4,4,4,4,1,3,2
175,4,4,4,5,2,4,4,2,4,4,2,4,4,4,4,4,4,4,2,2,3,4,4,1,4,4,2,2,2,2,3,2,2,3,4,4,4,3,4,4,4
176,4,3,5,4,3,3,1,4,4,3,1,1,1,1,3,4,4,4,3,3,1,4,3,3,2,4,4,4,3,3,3,2,3,3,4,4,3,3,3,4,3
177,3,4,4,3,3,3,2,4,4,4,3,4,4,4,3,4,4,3,4,4,3,3,3,3,2,4,4,3,1,2,2,3,2,3,3,3,3,3,4,3,4
178,1,4,3,3,1,1,1,1,1,1,1,5,4,2,3,2,3,4,3,4,1,4,4,1,3,4,2,2,4,4,4,4,3,3,3,4,3,1,3,3,3
179,3,3,4,3,5,5,5,4,5,5,2,2,4,2,3,3,3,4,1,5,3,4,4,4,4,4,4,4,3,4,4,1,5,5,2,4,4,5,3,4,3
180,4,3,4,4,4,3,3,2,4,3,3,3,3,2,2,3,2,5,5,5,5,5,5,5,5,5,4,4,3,4,5,1,1,1,4,4,4,3,3,4,3
181,1,1,1,1,1,1,1,1,1,1,1,1,1,1,1,1,1,1,1,1,1,1,1,1,1,1,1,1,1,1,1,1,1,1,1,1,1,1,1,1,1
182,4,4,4,4,5,5,5,5,5,5,5,1,5,3,5,3,5,4,5,5,5,2,3,3,3,4,4,4,2,2,4,3,3,3,3,3,3,3,4,4,4
183,4,3,4,4,2,2,1,1,3,2,2,2,3,1,1,1,1,2,4,5,5,4,4,4,4,4,4,4,2,3,3,1,2,1,4,4,4,2,1,2,1
184,3,4,4,3,3,3,3,2,3,3,3,4,3,4,4,3,3,3,3,4,2,3,2,3,4,4,3,4,3,4,5,2,3,2,5,5,5,5,3,3,3
185,5,5,5,5,3,3,3,3,3,4,3,4,4,2,3,2,1,5,5,5,5,3,3,2,3,3,3,3,2,2,2,4,4,3,4,4,3,2,4,4,2
186,4,4,3,3,2,2,3,2,2,2,2,2,1,3,3,3,3,3,3,3,4,3,3,3,3,3,3,3,1,1,1,5,5,5,5,5,5,5,2,3,3
187,2,3,4,2,3,3,2,2,5,5,4,5,5,5,3,2,2,5,5,5,3,5,3,4,5,5,5,4,5,5,5,3,3,3,4,4,4,3,2,4,4
188,2,3,3,3,3,3,3,2,2,2,1,3,4,3,3,3,3,5,5,5,5,4,4,4,4,4,4,4,2,1,4,4,4,4,3,3,2,1,2,4,3
189,2,4,4,4,3,2,2,3,4,3,3,3,4,2,2,3,4,5,3,2,3,4,4,2,4,4,3,2,3,5,4,4,3,2,5,3,3,4,2,3,2
190,4,5,4,4,4,4,2,4,4,4,3,3,4,2,2,4,4,4,3,4,1,4,4,2,4,4,4,3,3,2,2,3,2,2,4,4,4,4,2,4,3
191,4,4,4,4,4,4,4,5,4,5,5,5,4,5,5,5,5,5,5,3,3,5,5,3,4,5,5,3,1,2,2,3,4,4,2,1,2,2,3,5,4
192,4,4,3,4,2,4,2,3,4,3,4,4,4,3,3,4,4,1,1,4,4,4,4,3,4,3,3,3,3,3,3,2,4,3,3,3,3,1,3,4,2
193,3,3,3,3,3,3,3,3,3,3,3,3,4,3,3,3,3,5,3,5,1,4,3,3,2,3,3,3,3,4,3,3,3,3,3,3,3,3,3,3,3
194,4,2,2,4,2,2,2,2,2,2,2,3,3,3,3,3,3,5,5,5,5,4,4,4,4,4,4,4,3,3,3,3,3,3,4,3,5,3,1,4,3
195,3,4,2,2,5,4,2,3,4,5,4,4,1,2,2,2,1,3,2,3,4,2,3,3,5,5,5,5,2,2,5,2,4,5,5,3,2,3,3,4,2
196,3,4,4,3,3,3,3,3,3,3,3,4,4,4,4,4,4,5,3,5,5,4,4,4,4,4,4,4,3,3,3,5,5,5,3,3,3,2,3,4,3
197,4,4,4,4,2,3,4,2,3,3,3,4,4,4,3,3,3,4,3,4,3,4,4,4,4,4,4,4,3,2,3,4,4,3,1,3,3,2,4,4,4
198,5,5,5,5,3,3,1,1,1,3,3,2,3,1,2,3,2,4,5,5,5,4,4,3,3,3,2,2,5,5,4,1,3,5,2,3,1,1,2,3,2
199,4,3,3,3,4,4,4,4,4,4,3,4,4,3,3,3,4,5,3,5,3,4,4,4,4,4,4,4,2,2,2,3,3,3,4,4,4,3,4,3,4
200,5,5,5,3,5,4,5,5,5,5,5,4,4,4,4,4,3,4,4,3,3,4,3,3,4,4,4,4,4,4,4,4,4,3,3,3,2,2,5,4,5
201,4,4,4,4,4,3,2,4,4,3,2,5,4,2,4,2,2,5,3,5,5,4,4,3,4,4,3,3,4,2,4,5,5,5,3,2,3,3,2,3,2
202,3,3,3,3,3,3,3,3,3,3,3,3,3,3,3,4,3,5,4,5,5,4,4,3,5,5,3,3,2,4,3,3,3,5,2,4,3,2,2,4,3
203,4,4,4,4,4,4,4,4,4,4,4,4,4,4,4,4,4,5,5,5,5,4,4,3,5,4,4,4,4,5,4,3,3,3,4,4,5,5,3,4,4
204,5,5,5,5,4,4,4,4,4,4,4,5,5,4,4,4,4,4,4,4,4,4,4,2,4,4,4,4,2,3,3,3,3,1,4,1,4,3,3,4,4
205,2,2,4,4,3,1,1,1,5,3,3,2,2,3,3,2,2,5,4,5,5,4,4,3,5,5,5,3,4,2,3,3,2,2,4,3,5,3,1,2,2
206,3,4,4,3,4,1,3,3,5,3,3,4,4,4,3,3,3,5,5,5,5,4,4,1,5,5,2,3,4,5,3,2,2,2,4,3,4,3,1,2,2
207,5,4,4,4,4,4,4,4,4,4,4,4,4,5,4,5,5,3,4,2,1,5,5,5,3,5,5,5,1,1,5,3,3,3,3,3,3,3,1,3,3
208,3,3,2,2,2,3,3,4,3,4,4,4,4,3,3,3,4,5,5,3,4,5,5,3,3,5,3,4,2,1,2,3,4,3,3,3,4,2,3,3,2
209,3,2,4,4,5,4,4,5,5,5,2,4,3,5,4,4,4,5,5,4,4,4,3,3,5,5,5,4,4,4,2,5,5,3,3,4,1,3,5,4,4
